EXEMPLARNR;ISBN
1586749001;
1586750001;
1586751001;
1586752001;
1586754001;3-85460-115-8
1586755001;3-85460-111-5
213682005;
1586757001;91-7192-927-4
1586758001;3-88609-200-3
1586759001;0-521-23742-4
1586765001;3-496-02548-4
1586768001;3-496-02550-6
1586932001;
503274002;3-87065-560-7
1586936001;3-8053-1537-6
1586942001;91-506-1093-7
1586943001;91-506-1084-8
1586944001;
1586946001;
1586949001;
1586952001;
1586954001;
1586958001;
221033005;3-923166-43-5
407839001;
1586962001;
1586966001;
1586968001;
1586974001;
1586978001;3-8067-0200-4
1586982001;
1586983001;
1586985001;
1586986001;3-05-000572-6
1586988001;3-05-002020-2
1586993001;87-7288-053-8
213732006;3-402-06081-7
1586995001;
1586996001;
1587000001;
402249001;
1683229001;87-88415-38-4
1684592001;87-88415-38-4
1683230001;978-87-88415-62-9
1683228001;978-87-88415-72-8
1586999001;
1587001001;
1587002001;
1587003001;87-7288-581-5
1587005001;87-7288-581-5
1587004001;87-7288-581-5
1587006001;87-7288-586-6
402248001;
1590405001;2-88028-036-2
1587016001;3-7749-1686-1
1587019001;0-906780-24-1
1587526001;90-6191-673-9
1587542001;0-12-348150-3
1587548001;3-89473-613-5
1587606001;
1587607001;
1587553001;0-906780-07-1
1587557001;
1587560001;
1587564001;2-7018-0031-5
1587567001;84-500-8553-5
1587615001;
1587618001;
1587575001;963-563-050-6
1587588001;3-7749-2664-6
1587591001;
19759002;3-7995-7024-1
1587635001;
1587639001;
1587598001;
1587661001;
1587665001;
1587666001;
1587667001;
1587669001;
1587670001;
1595224001;
1595245001;
1595261001;
1595263001;
1595264001;
1595265001;
1595266001;
1595267001;
1595269001;
1595270001;
1595271001;3-7749-1100-2
1595246001;
1595248001;
1595254001;
1595255001;
1595256001;
1595257001;
1595258001;
1595259001;
1596201001;
1595661001;
1595663001;
1595665001;
1595666001;
1596204001;
1595668001;
1595670001;
1595672001;
1595675001;
1595679001;
1595680001;
1607946001;
1607947001;
1607948001;
1607949001;
1607950001;
1607953001;
1607951001;
1608101001;
1608102001;
1608103001;
1608116001;
1608118001;
1608120001;
1608121001;
1608123001;
1608128001;
1608129001;
1608131001;
1608132001;
1608133001;
1608104001;
1608135001;
1608136001;
1608137001;3-7749-1820-1
1608154001;3-7749-1821-X
1608143001;3-7749-1822-8
1608147001;3-7749-1931-3
1608149001;
1608151001;
1608153001;
1608105001;
1608106001;
1608107001;
1608108001;
1608111001;
1608113001;
1608114001;
1596060001;
1608200001;
1608205001;
1608208001;
1608218001;
1608220001;
1608222001;
1608223001;
1608224001;
1608225001;
1608228001;
1596061001;
1608231001;
1608237001;
1608246001;
1608248001;
1608250001;
;
1608259001;
1608260001;
1608261001;
1608262001;
1596064001;
1608263001;
1608264001;
1608265001;
1608266001;
1608273001;
1608267001;
1608268001;
1608269001;
1608270001;
1608271001;
1608175001;
1608272001;
1608275001;
1608276001;
1608277001;
1608281001;
1608283001;
1608286001;83-01-03011-9
1608288001;83-01-03444-0
1608290001;
1608292001;83-01-04331-8
1608180001;
1608293001;83-01-04498-5
1608295001;83-01-04984-7
1608299001;83-01-05351-8
1608300001;83-01-05825-0
1608302001;83-01-06209-6
1608303001;83-01-06487-0
1608304001;83-01-06825-6
1608305001;83-01-07235-0
1608309001;83-01-07860-X
1608311001;83-01-08048-5
1608183001;
1608312001;83-01-08437-5
1608313001;83-01-08783-8
1608314001;83-01-09114-2
1608315001;83-01-09489-3
1608316001;83-01-09903-8
1608190001;
1608196001;
1608199001;
1608371001;
1608372001;
1608373001;
1608374001;
1608377001;
1608378001;
1608379001;
1608380001;
1608381001;
1608382001;
1608383001;
1608384001;
1608385001;
1608386001;
1608388001;
1608392001;
1608410001;
1608407001;
1608412001;
1608414001;
1608415001;
1608393001;
1608394001;
1608395001;
1608397001;
1608399001;
1608398001;
1608400001;
1608409001;
407276001;
1608419001;
1608420001;
1608421001;
1608422001;
1608423001;
1608425001;
1608426001;3-326-00157-6
1608428001;
1608430001;
1608432001;
1608431001;3-326-00574-1
1608433001;
1608455001;
1608456001;
1608457001;
1608459001;
1608434001;
1608435001;
1608436001;
1608449001;
1608450001;
1608453001;
1608451001;
1608460001;
1608471001;
1608473001;
1608474001;
1608476001;
1608478001;
1608479001;
1608461001;
1608462001;
1608463001;
1608464001;
1608465001;
1608466001;
1608467001;
1608469001;
1587711001;
1587722001;
1587728001;0-11-700588-6
1587729001;0-11-700589-4
1587731001;
1587735001;0-11-700842-7
1587739001;
1587738001;
1587740001;
1587741001;
1587742001;
1587743001;
1587744001;
1587745001;
1587746001;
1587747001;
1587748001;
1587749001;
1587751001;
1587753001;
1587755001;
1587756001;
400872001;
402530001;
403416001;
405071001;
408010001;
1564994001;
1638920001;
1655908001;
1690283001;
1712549001;
1739205001;
1752322001;
1769545001;
1588180001;
1588183001;0-901714-54-2
1588197001;
1588199001;
1588203001;3-87439-106-X
1588224001;0-906090-00-8
1588221001;
1588228001;
1588231001;
1588232001;
1588237001;91-36-86949-X
213960002;
1588239001;
1588245001;0-521-36573-2
1588247001;
1588248001;
1588255001;3-534-07058-5
1588259001;3-534-04003-1
1588261001;0-85976-101-0
1588267001;87-7288-561-0
1588269001;87-7288-561-0
1588273001;
1588281001;
1588285001;
1588286001;
1588316001;0-12-588020-0
1588338001;
1588349001;
1588352001;
1588346001;
406909001;
1588319001;3-17-079029-3
1588320001;0-86159-085-6
1588324001;
406719001;
1588325001;0-7141-1395-6
1588326001;
1588327001;
1606046001;
1606051001;
1609212001;3-88467-041-7
400575001;
1588328001;
1554860001;978-3-9807996-8-3
1638326001;978-3-9813109-2-4
1700770001;
1572719001;
1717719001;978-3-9813109-9-3
1743813001;978-3-9816873-3-0
1782061001;978-3-9816873-9-2
1606267001;
1606269001;
1606049001;
1588360001;
8689003;
1588363001;
1588366001;
1588367001;
712204002;
203165002;
1588391001;
1588392001;
1588393001;
1588394001;82-7126-094-4
1588412001;
1588413001;
1589764001;82-7126-346-3
1589773001;82-7126-347-1
1589849001;82-7126-357-8
1589853001;82-7126-417-6
1589856001;82-7126-453-2
1589811001;82-7126-420-6
1589812001;
406896001;
406962001;
1588416001;
1588417001;
1588418001;
1589817001;
1589822001;82-7126-442-7
1589832001;
1589834001;
1589841001;3-929055-26-0
1589872001;3-458-32213-2
1589874001;
127222002;3-87358-156-6
1589876001;3-87358-283-X
1589877001;0-946897-37-9
1589882001;0-946897-28-X
1589883001;0-946897-43-3
1589886001;3-87157-139-3
;
1589892001;
1589895001;
1589897001;
1589898001;
1590122001;
1590124001;
1590125001;
1590127001;
1590129001;
1590131001;
1590132001;
1590133001;0-946897-57-3
1590400001;3-921618-02-9
1590137001;0-946897-58-1
1590141001;3-929864-00-2
16742004;
1590144001;
1590168001;
1590170001;3-85124-146-0
406965001;
1590352001;3-900773-04-1
1590354001;3-900773-07-6
1590358001;3-900773-08-4
1590679001;3-900773-06-8
1590680001;3-900773-11-4
1590172001;0-947846-02-6
1590174001;83-85599-20-7
1590178001;
100663002;3-7848-4042-6
1590181001;
1590183001;
1590371001;
1590372001;
1590374001;
1590187001;
1590188001;
1590191001;
1590194001;3-928957-01-5
1590195001;
1590367001;3-928957-02-3
1590379001;
1590380001;
1590382001;3-928957-03-1
1590383001;90-6255-093-2
1590934001;0-905853-06-7
1590937001;0-905853-16-4
1590938001;0-905853-33-4
1590389001;0-905853-32-6
1590393001;
1590394001;
1590397001;
1590399001;3-929645-01-7
1590412001;3-929645-01-9
1590415001;
1590418001;
1590420001;
214267002;
1590426001;3-11-004752-7
1590429001;
1590431001;3-529-01813-9
214268002;
1590435001;3-205-03658-1
1590436001;
1590438001;
1590441001;
1590443001;
1590445001;
1590447001;
1704057001;
1590478001;83-85463-20-8
1590479001;
1590483001;
1590484001;
1590486001;
1590488001;
402409001;3-9802601-7-8
1590492001;
1590495001;
1590496001;
214284002;
1590502001;91-506-0481-3
1590503001;
1590504001;
1590506001;
1590512001;3-8204-6752-1
1590521001;
406827001;83-04-01119-0
1590535001;83-231-0541-3
1590546001;
1590552001;3-89442-213-0
1590557001;
1590589001;
1590592001;
1670145001;
1670146001;
1670147001;
1670148001;
1670149001;
1670150001;
1670151001;
1670152001;
1540531001;
1540568001;
1540570001;
1553031001;
1590673001;
1590940001;
1590941001;3-8053-1601-1
1590944001;
1590945001;87-7304-159-9
1590946001;
1590948001;0-416-34190-X
1590949001;
1590950001;82-90215-12-6
1590952001;87-7288-048-1
1590953001;
1590954001;
1590955001;
1590957001;
1590958001;
214343002;
1590961001;
1590962001;
1590965001;3-7001-0258-5
1590966001;3-215-04441-2
1590968001;0-12-385450-4
1590969001;87-480-0484-7
1590971001;87-7288-044-9
1590972001;
1590975001;2-235-00729-5
1590982001;
1590984001;
1590991001;
1591001001;
1591003001;
1591007001;
1591018001;
1591020001;91-85952-00-1
1591021001;
1591025001;
1591030001;3-87760-606-7
1591032001;0-7141-1361-1
1591033001;0-7141-1372-7
1591036001;91-40-03215-9
1591189001;0-7136-2223-7
1591190001;3-8053-0868-X
1591191001;0-236-40024-X
1591193001;0-7100-0432-X
1591194001;0-7134-3476-7
1591196001;0-7134-5958-1
1591197001;
1591199001;
1591200001;
1591201001;
1591202001;87-418-1945-4
1591203001;
1591204001;
1591205001;
1591207001;
1591208001;
1591209001;
1595151001;
214454006;
214452006;
1591210001;
406605001;3-430-15151-1
1591212001;
1591213001;
1591214001;3-930811-00-6
1591217001;3-8053-1006-4
1591218001;3-8053-1139-7
1591219001;3-8053-1288-1
1591220001;
1591221001;
1591222001;
1591225001;
1591228001;83-85463-00-3
1591229001;83-85483-74-8
1591230001;
1591233001;3-7861-2185-0
1591240001;
1591266001;2-88028-030-3
1591268001;
1591270001;
50725004;
1591271001;3-445-01315-2
1591272001;
1591273001;
1591274001;
1591280001;
1591283001;
23547002;3-7928-0347-X
1591286001;3-534-04549-1
1591289001;
1591296001;
1765731001;978-80-210-8455-1
1765732001;978-80-210-8417-9
406541001;3-7743-0144-1
1591309001;
1591310001;3-88609-153-8
214585006;
1591311001;
1591312001;
1591313001;
1591314001;3-511-09098-9
1591317001;
1591335001;
1591336001;
1591337001;
1591338001;9963-560-71-7
1591339001;
17781002;
1595152001;
17784002;
17785002;
1595153001;
1591340001;91-7192-572-4
1591341001;
1591343001;
1591344001;
1591345001;
1591347001;
1591348001;
1591349001;
1591350001;
226194005;
14815006;
14814007;
208733004;
14812006;
14812007;
14811006;
220222005;
226402004;
227144006;
225439009;
1102669007;
14810003;
202879006;
230103006;
229877007;3-87023-062-2
215687007;
5995009;
13903008;
18548007;
113637011;3-87023-164-5
113638012;3-87023-165-3
19627010;
221319005;
616574006;
616575002;
20540003;3-402-05037-4
23801005;3-402-06318-2
124788004;3-402-06319-0
1510324003;978-3-402-06320-0
1508836007;978-3-402-06321-7
1507205004;3-402-06322-0
1593365009;978-3-402-14830-3
1645077011;978-3-402-14832-7
1664171011;978-3-402-14833-4
222929002;
1705162008;978-3-402-14834-1
1743175009;978-3-402-14835-8
14809005;
14808006;
14807003;
14806006;
14816005;
1591352001;
1591526001;
1591527001;
1591528001;
1591529001;
1591532001;
1591538001;
1591539001;
1591543001;3-421-01623-2
22748002;
22749002;
214713002;
1591548001;
1591551001;
1591553001;
1591554001;
1591556001;
1591557001;
1591560001;3-511-09099-7
1591563001;
1591574001;
1591576001;
1591591001;
1591592001;
1591593001;
1591595001;
1591597001;
1591598001;3-7991-5676-3
1591600001;
1526004002;3-8062-0211-7
1591602001;
1594856001;
1594857001;0-903681-07-2
1594858001;
1594859001;
406012001;90-70197-11-1
1594864001;90-70179-41-5
1594867001;90-70179-41-5
1506439003;
1594868001;
1594869001;0-06-480457-7
1594870001;
1594871001;3-406-09204-7
1594872001;3-900575-00-2
1594873001;0-85263-424-2
1594874001;
1594875001;3-7995-3310-9
1594876001;3-7765-2095-7
1594879001;
1594880001;
1594882001;
1594883001;3-7757-0502-3
1594885001;3-922541-27-5
1594887001;
402966002;
1594889001;
1594891001;
1564795002;
1594893001;
1704361001;
1594895001;
1594897001;
712130005;
1594899001;
1594900001;
1594901001;
1594903001;
506028002;
1594904001;
1594908001;
1594909001;
1594910001;
1594911001;
300821004;3-89053-032-X
215020005;
1590024001;0-7099-0387-1
1590030001;
1590031001;
1590032001;
1590034001;
1590035001;3-7749-1756-6
1590037001;
1590039001;
218487002;3-87088-740-0
1590042001;
1590044001;
1590046001;0-86159-006-6
1590047001;0-946346-01-1
1590048001;0-7141-1371-9
1590049001;0-904857-02-6
1590051001;
1590053001;
1590054001;
1590060001;
1590061001;
1590063001;
1590065001;3-7749-1816-3
1590069001;
1590070001;
1590071001;
1590073001;
1590075001;
1590077001;3-7749-2318-3
215120007;
215117002;
1590079001;0-7141-0528-7
1590080001;3-7701-1374-8
1590082001;
1590083001;
1590085001;
1590087001;
1590088001;
1590089001;91-7402-020-X
1590241001;
1590242001;
709848003;3-7927-0789-6
1575165002;
1590243001;
1590244001;3-7749-1120-7
1590245001;
1590246001;
1590247001;
1590248001;3-515-01878-6
729446002;
1590249001;0-226-43957-7
1590250001;
1511421002;3-7757-0547-3
1590251001;
1590252001;
1590253001;3-85326-949-4
1400255002;
1590254001;3-430-15483-9
1590255001;
1590256001;
1590257001;
1590258001;3-88226-758-5
1590261001;87-01-81001-4
1590262001;87-01-81011-1
1590263001;
1590264001;0-500-79006-X
1590259001;
1590265001;
1590266001;
1590267001;
1590268001;3-533-02180-7
1590269001;
1590270001;
1590271001;90-5345-033-5
1590272001;90-5345-048-3
1590273001;3-922661-89-0
1590275001;
1590276001;
1590278001;
1590279001;
1590280001;
1590281001;90-228-3740-8
501919005;
1590282001;3-511-06935-1
1590283001;3-928134-79-5
1590284001;3-89590-003-6
1590286001;
114914002;3-7995-4139-X
1590287001;
1590288001;
1590289001;
215341002;
1201276002;90-801044-1-8
1590291001;90-70482-68-1
1590299001;80-210-0961-6
1590300001;90-5345-049-1
1590301001;
1590302001;3-924734-37-2
1590304001;
1590307001;3-8233-4007-7
;
1590314001;
1590317001;
1590319001;
1590321001;3-406-38064-6
1590323001;
1590324001;3-7011-7283-8
1590325001;3-519-07428-1
1590326001;2-9505595-3-0
1590328001;3-486-64832-2
802478002;3-222-12272-5
1590330001;3-7749-2674-3
509919002;3-7927-1097-8
1590332001;3-05-002601-4
1609133001;3-515-08604-8
1609134001;978-3-515-08938-8
1610898001;3-515-07114-8
1610897001;3-515-07620-4
1590339001;
1590341001;
1590373001;3-923607-6-4
1590376001;3-87490-560-8
1590377001;
1590384001;
1590385001;
1590386001;
1590387001;
1590388001;
1590390001;
1590391001;
1590392001;91-506-0661-1
1590395001;
1590398001;
14787004;
19584005;
1590401001;3-924734-31-3
1590402001;3-8204-5167-6
1590403001;
1590404001;3-8053-0480-3
13653002;3-412-06471-8
1590406001;3-8053-1685-2
300709002;3-402-06243-7
1550268002;3-922027-88-1
401509001;3-910011-05-5
1590407001;3-7995-3628-0
215431003;
1590408001;
1590410001;
1590411001;3-908025-46-X
1590413001;3-7608-3649-6
1590414001;3-7757-0557-0
1200217002;3-926011-28-9
506545002;
801704002;
509097004;3-7923-0680-8
1866010;3-927789-78-X
301492002;388789-117-1
1590417001;
1605455001;
1590419001;
1590423001;
1590425001;3-406-04801-3
215648002;
215649002;
215650002;3-525-35377-4
1501409001;3-525-35436-3
1501410003;3-525-35311-1
1560685001;3-525-35309-X
1560686001;978-3-525-36521-2
1590437001;3-534-04685-4
1590440001;3-534-04166-6
1590444001;
1590446001;3-8062-0293-1
1590449001;3-900401-39-2
1590450001;
1590573001;
1590577001;
127020002;
1590590001;
1590591001;
1590593001;
1590594001;
1590595001;
215507003;
1590596001;
1590597001;
1590599001;
1590601001;
1590603001;
1590605001;3-922616-00-3
215517002;
1590606001;
1590607001;
1590610001;
1590612001;
1590614001;
1590616001;
8445005;
1590617001;
1590618001;3-406-03172-2
1590621001;
1590622001;
1590624001;
1590626001;
1590629001;
1590631001;
1590633001;
1590634001;
1590635001;
1590636001;3-406-09041-9
1605446001;
1605450001;
1605451001;
1590637001;82-90215-80-0
1590638001;3-534-03870-3
1590639001;
1590641001;
1590642001;
1590643001;
1590645001;963-7421-37-8
215771002;
215770002;
1590649001;
1590652001;
1590654001;
1590660001;3-406-06775-1
1590665001;
1590667001;
1590669001;
1590670001;
1590671001;
1590674001;
1590676001;
1590677001;
1590686001;
1590687001;
1590688001;
1590689001;3-929055-36-8
1590690001;
1590691001;
1590693001;
1590694001;
1590695001;
1590696001;
1590697001;
1590698001;
1590699001;
1590700001;
1590701001;
1590702001;
